value,latitude,longitude,name,note
63269,48.0517637,-122.1770818,Marysville Washington,
72326,33.7825194,-117.2286478,Perris California,
390113,41.49932,-81.6943605,Cleveland Ohio,
182544,42.2625932,-71.8022934,Worcester Massachusetts,
133358,34.0007104,-81.0348144,Columbia South Carolina,
109676,41.5581525,-73.0514965,Waterbury Connecticut,
65453,44.8041322,-93.1668858,Eagan Minnesota,
73006,42.4733688,-83.2218731,Southfield Michigan,
124276,30.2240897,-92.0198427,Lafayette Louisiana,
214237,43.6187102,-116.2146068,Boise City Idaho,
51265,41.6819935,-85.9766671,Elkhart Indiana,
82882,33.8675143,-117.9981181,Buena Park California,
59089,33.952602,-84.5499327,Marietta Georgia,
48608,39.5186002,-104.7613633,Parker Colorado,
102436,26.7153424,-80.0533746,West Palm Beach Florida,
42544,42.51954,-70.8967155,Salem Massachusetts,
199963,41.7605849,-88.3200715,Aurora Illinois,
47673,39.1156615,-77.5636015,Leesburg Virginia,
50213,25.8195424,-80.3553302,Doral Florida,
91739,33.7513419,-117.9939921,Westminster California,
239538,33.5778631,-101.8551665,Lubbock Texas,
181260,38.9822282,-94.6707917,Overland Park Kansas,
172638,32.2987573,-90.1848103,Jackson Mississippi,
73209,35.262082,-81.1873005,Gastonia North Carolina,
62316,29.2108147,-81.0228331,Daytona Beach Florida,
467007,39.0997265,-94.5785667,Kansas City Missouri,
56540,40.0455917,-86.0085955,Noblesville Indiana,
50997,34.9889818,-90.0125913,Southaven Mississippi,
80988,34.0122346,-117.688944,Chino California,
65690,39.1434406,-77.2013705,Gaithersburg Maryland,
56707,33.7091847,-117.9536697,Fountain Valley California,
66893,39.4142688,-77.4105409,Frederick Maryland,
89130,35.612661,-77.3663538,Greenville North Carolina,
43849,41.9294736,-88.7503647,DeKalb Illinois,
60697,43.0166806,-88.0070315,West Allis Wisconsin,
127359,39.8680412,-104.9719243,Thornton Colorado,
61255,41.5772115,-93.711332,West Des Moines Iowa,
88697,41.7014912,-71.1550451,Fall River Massachusetts,
61170,36.2077288,-119.3473379,Tulare California,
256780,32.6400541,-117.0841955,Chula Vista California,
126604,26.271192,-80.2706044,Coral Springs Florida,
83506,35.4087517,-80.579511,Concord North Carolina,
53438,33.8839926,-84.5143761,Smyrna Georgia,
45587,28.6934076,-81.5322149,Apopka Florida,
54932,47.9252568,-97.0328547,Grand Forks North Dakota,
39325,39.7136754,-82.5993294,Lancaster Ohio,
144864,41.7508391,-88.1535352,Naperville Illinois,
146526,26.0112014,-80.1494901,Hollywood Florida,
60112,36.3320196,-94.1185366,Rogers Arkansas,
378715,29.9510658,-90.0715323,New Orleans Louisiana,
59097,47.1717649,-122.518458,Lakewood Washington,
57073,41.719978,-87.7479528,Oak Lawn Illinois,
48957,43.6629384,-116.6873596,Caldwell Idaho,
609456,45.5230622,-122.6764816,Portland Oregon,
125880,37.9779776,-122.0310733,Concord California,
49858,47.4703767,-122.3467918,Burien Washington,
67569,38.7881062,-90.4974359,St. Charles Missouri,
71016,43.0116784,-88.2314813,Waukesha Wisconsin,
68667,35.1982836,-111.651302,Flagstaff Arizona,
38609,47.1853785,-122.2928974,Puyallup Washington,
65902,42.8142432,-73.9395687,Schenectady New York,
649495,39.7392358,-104.990251,Denver Colorado,
117006,39.7817213,-89.6501481,Springfield Illinois,
40584,37.2871651,-121.9499568,Campbell California,
201175,33.9424658,-117.2296717,Moreno Valley California,
55870,39.6895036,-84.1688274,Kettering Ohio,
37313,42.2505943,-83.1785361,Lincoln Park Michigan,
52844,34.483901,-114.3224548,Lake Havasu City Arizona,
66075,34.769536,-92.2670941,North Little Rock Arkansas,
233294,39.5296329,-119.8138027,Reno Nevada,
44275,39.613321,-105.0166498,Littleton Colorado,
40590,34.5400242,-112.4685025,Prescott Arizona,
52105,37.7021521,-121.9357918,Dublin California,
37442,33.425125,-94.0476882,Texarkana Texas,
66318,43.661471,-70.2553259,Portland Maine,
78373,45.0941315,-93.3563405,Brooklyn Park Minnesota,
55046,41.2705484,-72.9469711,West Haven Connecticut,
43363,32.792,-115.5630514,El Centro California,
39458,33.0806083,-96.8928309,The Colony Texas,
99763,43.0125274,-83.6874562,Flint Michigan,
66695,38.0279762,-121.8846806,Pittsburg California,
56683,33.3703197,-112.5837766,Buckeye Arizona,
40963,33.9166805,-117.9000604,Brea California,
83539,33.7205771,-116.2155619,Indio California,
226918,33.4941704,-111.9260519,Scottsdale Arizona,
822553,39.9611755,-82.9987942,Columbus Ohio,
59325,40.0378755,-76.3055144,Lancaster Pennsylvania,
268738,40.8257625,-96.6851982,Lincoln Nebraska,
84349,40.2170534,-74.7429384,Trenton New Jersey,
645966,42.3600825,-71.0588801,Boston Massachusetts,
51074,34.1361187,-117.865339,Glendora California,
110742,44.0121221,-92.4801989,Rochester Minnesota,
52363,38.789217,-90.322614,Florissant Missouri,
38722,38.9784453,-76.4921829,Annapolis Maryland,
59635,35.9131996,-79.0558445,Chapel Hill North Carolina,
47135,39.8386516,-86.0252612,Lawrence Indiana,
39389,32.6789476,-115.4988834,Calexico California,
37240,41.6155909,-87.5294871,Calumet City Illinois,
69122,46.8787176,-113.996586,Missoula Montana,
99769,36.8252277,-119.7029194,Clovis California,
100065,29.5635666,-95.2860474,Pearland Texas,
229972,33.3528264,-111.789027,Gilbert Arizona,
39309,44.9591352,-89.6301221,Wausau Wisconsin,
431746,35.7795897,-78.6381787,Raleigh North Carolina,
139969,33.7877944,-117.8531119,Orange California,
66900,37.9100783,-122.0651819,Walnut Creek California,
39056,47.5673202,-122.6329356,Bremerton Washington,
55174,36.06523,-119.0167679,Porterville California,
38290,32.436381,-111.2224422,Marana Arizona,
186411,30.4382559,-84.2807329,Tallahassee Florida,
63032,30.3118769,-95.4560512,Conroe Texas,
43609,37.2295733,-80.4139393,Blacksburg Virginia,
1409019,29.4241219,-98.4936282,San Antonio Texas,
125017,41.7637111,-72.6850932,Hartford Connecticut,
68366,42.492786,-92.3425775,Waterloo Iowa,
46444,42.0986867,-75.9179738,Binghamton New York,
83596,43.6121087,-116.3915131,Meridian Idaho,
42970,43.7730448,-88.4470508,Fond du Lac Wisconsin,
75418,29.7355047,-94.9774274,Baytown Texas,
151088,35.79154,-78.7811169,Cary North Carolina,
55419,42.2180724,-70.9410356,Weymouth Town Massachusetts,
398121,36.1539816,-95.992775,Tulsa Oklahoma,
81050,26.2159066,-98.3252932,Mission Texas,
49267,41.1339449,-81.4845585,Cuyahoga Falls Ohio,
60509,42.4250964,-71.066163,Malden Massachusetts,
92020,33.1031744,-96.6705503,Allen Texas,
526116,32.2217429,-110.926479,Tucson Arizona,
68886,35.9250637,-86.8688899,Franklin Tennessee,
39167,44.7973962,-93.5272861,Shakopee Minnesota,
842583,30.3321838,-81.655651,Jacksonville Florida,
39551,39.3642834,-74.4229266,Atlantic City New Jersey,
100671,42.1292241,-80.085059,Erie Pennsylvania,
81102,37.3021632,-120.4829677,Merced California,
120099,32.4487364,-99.7331439,Abilene Texas,
67032,33.8886259,-117.8131125,Yorba Linda California,
61397,34.8526176,-82.3940104,Greenville South Carolina,
50458,35.410694,-80.8428504,Huntersville North Carolina,
60070,42.4974085,-82.8963604,St. Clair Shores Michigan,
49188,40.2731911,-76.8867008,Harrisburg Pennsylvania,
108817,34.274646,-119.2290316,San Buenaventura (Ventura) California,
224922,37.5482697,-121.9885719,Fremont California,
108249,38.2544472,-104.6091409,Pueblo Colorado,
37670,42.3917638,-71.0328284,Chelsea Massachusetts,
42895,38.5200504,-89.9839935,Belleville Illinois,
400070,44.977753,-93.2650108,Minneapolis Minnesota,
58226,35.2045328,-89.8739753,Bartlett Tennessee,
104898,33.9137085,-98.4933873,Wichita Falls Texas,
70185,29.6185669,-95.5377215,Missouri City Texas,
318416,38.6270025,-90.1994042,St. Louis Missouri,
73790,26.1947962,-98.1836216,Pharr Texas,
556495,35.0853336,-106.6055534,Albuquerque New Mexico,
119980,33.9519347,-83.357567,Athens-Clarke County Georgia,
59366,40.5621704,-111.929658,South Jordan Utah,
226877,36.1988592,-115.1175013,North Las Vegas Nevada,
151348,34.055103,-117.7499909,Pomona California,
55191,33.952463,-117.5848025,Eastvale California,
37490,39.8814519,-83.0929644,Grove City Ohio,
90811,38.9716689,-95.2352501,Lawrence Kansas,
123933,31.9973456,-102.0779146,Midland Texas,
610613,35.4675602,-97.5164276,Oklahoma City Oklahoma,
41627,32.3909071,-110.966488,Oro Valley Arizona,
457587,33.4151843,-111.8314724,Mesa Arizona,
87776,41.117744,-73.4081575,Norwalk Connecticut,
50233,42.8694731,-85.6447492,Kentwood Michigan,
37999,43.0605671,-88.1064787,Brookfield Wisconsin,
40922,32.9312336,-96.4597089,Rockwall Texas,
47989,41.6619927,-86.1586156,Mishawaka Indiana,
78327,33.7458511,-117.826166,Tustin California,
66297,45.5579451,-94.1632404,St. Cloud Minnesota,
70868,40.8567662,-74.1284764,Passaic New Jersey,
148738,33.1192068,-117.086421,Escondido California,
42443,37.6304904,-122.4110835,San Bruno California,
116768,37.8715926,-122.272747,Berkeley California,
65040,33.4269728,-117.6119925,San Clemente California,
97151,34.6035669,-98.3959291,Lawton Oklahoma,
67545,44.811349,-91.4984941,Eau Claire Wisconsin,
45508,33.0581063,-112.0476423,Maricopa Arizona,
51483,32.5896998,-96.8570738,DeSoto Texas,
256496,41.079273,-85.1393513,Fort Wayne Indiana,
54790,47.7556531,-122.3415178,Shoreline Washington,
57170,42.4184296,-71.1061639,Medford Massachusetts,
61653,33.9319578,-117.9461734,La Habra California,
98424,42.6525793,-73.7562317,Albany New York,
104739,37.6879241,-122.4702079,Daly City California,
61817,42.240872,-83.2696509,Taylor Michigan,
62103,45.1732394,-93.3030063,Coon Rapids Minnesota,
101128,37.5629917,-122.3255254,San Mateo California,
255483,28.5383355,-81.3792365,Orlando Florida,
59628,42.866632,-106.313081,Casper Wyoming,
48592,32.844017,-97.1430671,Bedford Texas,
112067,34.2257255,-77.9447102,Wilmington North Carolina,
49998,27.8428025,-82.6995443,Pinellas Park Florida,
43250,25.9331488,-80.1625463,North Miami Beach Florida,
148483,39.114053,-94.6274636,Kansas City Kansas,
40383,42.5834228,-71.8022955,Fitchburg Massachusetts,
38015,42.1391927,-87.9289591,Wheeling Illinois,
87971,42.3370413,-71.2092214,Newton Massachusetts,
61007,25.8900949,-80.1867138,North Miami Florida,
40347,41.5242649,-72.0759105,Norwich Connecticut,
278427,40.735657,-74.1723667,Newark New Jersey,
48426,31.3112936,-92.4451371,Alexandria Louisiana,
60407,45.1607987,-93.2349489,Blaine Minnesota,
65665,26.1906306,-97.6961026,Harlingen Texas,
43509,34.6391501,-120.4579409,Lompoc California,
123099,33.2148412,-97.1330683,Denton Texas,
48733,29.3013479,-94.7976958,Galveston Texas,
53665,39.6136578,-86.1066526,Greenwood Indiana,
155662,36.6777372,-121.6555013,Salinas California,
111378,25.9420377,-80.2456045,Miami Gardens Florida,
49177,38.4192496,-82.445154,Huntington West Virginia,
248142,27.5305671,-99.4803241,Laredo Texas,
77508,28.0836269,-80.6081089,Melbourne Florida,
43580,32.7995738,-97.2691817,Haltom City Texas,
104898,28.0344621,-80.5886646,Palm Bay Florida,
49628,35.7212689,-77.9155395,Wilson North Carolina,
43023,40.8893895,-111.880771,Bountiful Utah,
46714,37.5949316,-120.9577098,Ceres California,
80429,41.4047742,-81.7229086,Parma Ohio,
70812,44.0805434,-103.2310149,Rapid City South Dakota,
42889,33.9652918,-118.1514588,Bell Gardens California,
49799,39.8083196,-104.9338675,Commerce City Colorado,
153703,42.1014831,-72.589811,Springfield Massachusetts,
152061,40.5852602,-105.084423,Fort Collins Colorado,
87965,37.7249296,-122.1560768,San Leandro California,
96929,33.2000368,-117.2425355,Vista California,
199766,40.9312099,-73.8987469,Yonkers New York,
297517,39.1031182,-84.5120196,Cincinnati Ohio,
40612,39.6417629,-77.7199932,Hagerstown Maryland,
56002,28.8028612,-81.269453,Sanford Florida,
68247,40.6975898,-74.2631635,Union City New Jersey,
282313,41.6639383,-83.555212,Toledo Ohio,
45129,31.5455001,-110.2772856,Sierra Vista Arizona,
182020,37.0870821,-76.4730122,Newport News Virginia,
78967,41.5833688,-87.5000412,Hammond Indiana,
41778,42.1662831,-87.9631308,Buffalo Grove Illinois,
83860,29.6196787,-95.6349463,Sugar Land Texas,
186254,34.7303688,-86.5861037,Huntsville Alabama,
63338,38.1341477,-121.2722194,Lodi California,
40727,47.8106521,-122.3773552,Edmonds Washington,
39605,32.6518004,-96.9083366,Duncanville Texas,
56954,35.9382103,-77.7905339,Rocky Mount North Carolina,
59887,42.6389216,-83.2910468,Pontiac Michigan,
59834,32.6781085,-117.0991967,National City California,
151574,37.6688205,-122.0807964,Hayward California,
49468,43.0962143,-79.0377388,Niagara Falls New York,
93282,39.5349112,-119.7526886,Sparks Nevada,
54686,36.3274502,-119.6456844,Hanford California,
49087,33.8169599,-118.0372852,Cypress California,
74710,39.8403147,-88.9548001,Decatur Illinois,
41026,42.0028761,-71.5147839,Woonsocket Rhode Island,
194899,30.6953657,-88.0398912,Mobile Alabama,
118837,38.1040864,-122.2566367,Vallejo California,
57639,34.1397292,-118.0353449,Arcadia California,
47333,35.042036,-89.6645266,Collierville Tennessee,
43330,38.5767017,-92.1735164,Jefferson City Missouri,
81443,32.5007037,-94.7404891,Longview Texas,
249146,33.3061605,-111.8412502,Chandler Arizona,
111707,39.8027644,-105.0874842,Arvada Colorado,
84577,34.095287,-118.1270146,Alhambra California,
56895,40.486427,-86.1336033,Kokomo Indiana,
43286,26.1723065,-80.1319893,Oakland Park Florida,
843393,39.768403,-86.158068,Indianapolis Indiana,
71097,26.5317866,-80.0905465,Boynton Beach Florida,
37130,33.4150485,-111.5495777,Apache Junction Arizona,
54771,42.0664167,-87.9372908,Mount Prospect Illinois,
80566,41.7798226,-71.4372796,Cranston Rhode Island,
70373,40.4167022,-86.8752869,Lafayette Indiana,
131885,38.8813958,-94.8191285,Olathe Kansas,
82788,34.0289259,-84.198579,Johns Creek Georgia,
279639,36.0726354,-79.7919754,Greensboro North Carolina,
75548,42.2917069,-85.5872286,Kalamazoo Michigan,
50444,45.4312294,-122.7714861,Tigard Oregon,
69079,34.7540524,-77.4302414,Jacksonville North Carolina,
85285,38.7071247,-121.2810611,Citrus Heights California,
95334,33.2098407,-87.5691735,Tuscaloosa Alabama,
51567,41.7317884,-93.6001278,Ankeny Iowa,
86199,33.9164032,-118.3525748,Hawthorne California,
84126,33.4053867,-86.8113781,Hoover Alabama,
65184,41.0997803,-80.6495194,Youngstown Ohio,
45799,34.6992579,-86.7483318,Madison Alabama,
69999,34.0555693,-117.1825381,Redlands California,
38816,37.3058839,-89.5181476,Cape Girardeau Missouri,
86518,43.5407172,-116.5634624,Nampa Idaho,
646449,38.9071923,-77.0368707,Washington District of Columbia,
53648,41.8661403,-88.1070127,Wheaton Illinois,
38071,32.5920798,-96.7561082,Lancaster Texas,
101910,34.1064001,-117.3703235,Rialto California,
113658,46.8771863,-96.7898034,Fargo North Dakota,
116513,40.6936488,-89.5889864,Peoria Illinois,
434353,41.2523634,-95.9979883,Omaha Nebraska,
49228,33.640855,-117.603104,Rancho Santa Margarita California,
56143,39.1836082,-96.5716694,Manhattan Kansas,
46281,33.8302961,-116.5452921,Palm Springs California,
1355896,32.715738,-117.1610838,San Diego California,
171990,38.440429,-122.7140548,Santa Rosa California,
108861,42.6334247,-71.3161718,Lowell Massachusetts,
103500,36.060949,-95.7974526,Broken Arrow Oklahoma,
124435,47.3809335,-122.2348431,Kent Washington,
634464,36.1626638,-86.7816016,Nashville Tennessee,
44113,40.8859325,-74.0434736,Hackensack New Jersey,
59471,39.9205411,-105.0866504,Broomfield Colorado,
245475,35.9940329,-78.898619,Durham North Carolina,
386552,37.688889,-97.336111,Wichita Kansas,
52977,33.7805388,-116.4668036,Cathedral City California,
58562,44.6496868,-93.24272,Lakeville Minnesota,
45556,41.8994744,-87.9403418,Elmhurst Illinois,
37093,26.1595194,-97.9908366,Weslaco Texas,
37159,42.9614039,-88.0125865,Greenfield Wisconsin,
147559,37.36883,-122.0363496,Sunnyvale California,
62864,36.9741171,-122.0307963,Santa Cruz California,
99889,42.5847425,-87.8211854,Kenosha Wisconsin,
41757,40.7933949,-77.8600012,State College Pennsylvania,
46454,40.75839,-82.5154471,Mansfield Ohio,
40915,39.9356016,-91.4098726,Quincy Illinois,
104410,26.2378597,-80.1247667,Pompano Beach Florida,
97492,31.4637723,-100.4370375,San Angelo Texas,
78902,40.4842027,-88.9936873,Bloomington Illinois,
84691,37.7396513,-121.4252227,Tracy California,
37647,34.9495672,-81.9320482,Spartanburg South Carolina,
87137,42.7653662,-71.467566,Nashua New Hampshire,
89981,32.8406946,-83.6324022,Macon Georgia,
55361,40.7062128,-73.6187397,Hempstead New York,
76903,39.9259463,-75.1196199,Camden New Jersey,
50508,33.7222445,-116.3744556,Palm Desert California,
40351,42.0255827,-88.1784085,Streamwood Illinois,
230571,36.7682088,-76.2874927,Chesapeake Virginia,
43607,40.0992294,-83.1140771,Dublin Ohio,
66086,34.2163937,-119.0376023,Camarillo California,
37213,43.2341813,-86.2483921,Muskegon Michigan,
127558,40.6639916,-74.2107006,Elizabeth New Jersey,
300950,61.2180556,-149.9002778,Anchorage Alaska,
46321,48.2329668,-101.2922906,Minot North Dakota,
96830,26.0764783,-80.2521157,Davie Florida,
136639,26.2034071,-98.2300124,McAllen Texas,
148559,33.1972465,-96.6397822,McKinney Texas,
137147,31.1171194,-97.7277959,Killeen Texas,
41512,41.04422,-83.6499321,Findlay Ohio,
406253,37.8043637,-122.2711137,Oakland California,
77846,37.3860517,-122.0838511,Mountain View California,
57525,33.6680772,-117.3272615,Lake Elsinore California,
196429,35.2219971,-101.8312969,Amarillo Texas,
116288,40.2338438,-111.6585337,Provo Utah,
447841,33.7489954,-84.3879824,Atlanta Georgia,
61085,34.0625106,-118.1228476,Monterey Park California,
44730,41.3144966,-81.83569,Strongsville Ohio,
63105,36.9613356,-120.0607176,Madera California,
42448,33.7444613,-118.3870173,Rancho Palos Verdes California,
61434,44.7677424,-93.2777226,Burnsville Minnesota,
58043,32.9029017,-96.56388,Rowlett Texas,
48611,33.3942655,-104.5230242,Roswell New Mexico,
201332,32.3668052,-86.2999689,Montgomery Alabama,
48913,41.7369803,-111.8338359,Logan Utah,
39083,42.4792618,-71.1522765,Woburn Massachusetts,
118577,40.6084305,-75.4901833,Allentown Pennsylvania,
74885,32.8323225,-79.8284258,Mount Pleasant South Carolina,
202824,32.4609764,-84.9877094,Columbus Georgia,
258959,42.8864468,-78.8783689,Buffalo New York,
39834,42.9764027,-88.1084224,New Berlin Wisconsin,
67317,32.8342952,-97.2289029,North Richland Hills Texas,
38355,40.742551,-84.1052256,Lima Ohio,
479686,38.5815719,-121.4943996,Sacramento California,
87650,35.3859242,-94.3985475,Fort Smith Arkansas,
47149,41.8137116,-71.3700545,East Providence Rhode Island,
41776,41.6266555,-93.7121656,Urbandale Iowa,
68224,40.9125992,-73.8370786,Mount Vernon New York,
147214,39.7047095,-105.0813734,Lakewood Colorado,
270811,36.0395247,-114.9817213,Henderson Nevada,
48508,34.0900091,-117.8903397,Covina California,
126456,41.0534302,-73.5387341,Stamford Connecticut,
82575,39.165325,-86.5263857,Bloomington Indiana,
52962,36.548434,-82.5618186,Kingsport Tennessee,
210721,47.6587802,-117.4260466,Spokane Washington,
76762,46.2112458,-119.1372338,Kennewick Washington,
1553165,39.9525839,-75.1652215,Philadelphia Pennsylvania,
82631,48.74908,-122.4781473,Bellingham Washington,
127763,36.3302284,-119.2920585,Visalia California,
51522,43.8013556,-91.2395807,La Crosse Wisconsin,
61969,41.2619444,-95.8608333,Council Bluffs Iowa,
42757,26.217305,-80.2258811,North Lauderdale Florida,
1257676,32.7766642,-96.7969879,Dallas Texas,
107100,38.0049214,-121.805789,Antioch California,
131224,42.5803122,-83.0302033,Sterling Heights Michigan,
78041,26.3184123,-80.0997657,Deerfield Beach Florida,
83891,39.9567548,-86.01335,Fishers Indiana,
62448,41.1399814,-104.8202462,Cheyenne Wyoming,
107479,33.5539143,-117.2139232,Murrieta California,
50344,38.9536174,-94.7335709,Lenexa Kansas,
87273,33.6189101,-117.9289469,Newport Beach California,
40921,40.521893,-111.9391023,Riverton Utah,
93257,46.6020711,-120.5058987,Yakima Washington,
143355,39.7589478,-84.1916069,Dayton Ohio,
71012,30.3674198,-89.0928155,Gulfport Mississippi,
469428,33.7700504,-118.1937395,Long Beach California,
88077,39.7284944,-121.8374777,Chico California,
47556,31.3271189,-89.2903392,Hattiesburg Mississippi,
159190,44.0520691,-123.0867536,Eugene Oregon,
53243,34.0739016,-117.3136547,Colton California,
63495,34.0165053,-118.1137535,Montebello California,
74110,37.6624312,-121.8746789,Pleasanton California,
105370,47.9789848,-122.2020794,Everett Washington,
41889,38.0608445,-97.9297743,Hutchinson Kansas,
109320,38.2493581,-122.0399663,Fairfield California,
78822,33.4355977,-112.3496021,Avondale Arizona,
48139,41.5931049,-81.5267873,Euclid Ohio,
51848,42.3211522,-85.1797142,Battle Creek Michigan,
86319,44.840798,-93.2982799,Bloomington Minnesota,
38877,41.5094771,-90.5787476,Rock Island Illinois,
93542,45.487062,-122.8037102,Beaverton Oregon,
66975,29.9940924,-90.2417434,Kenner Louisiana,
39508,34.4047987,-103.2052272,Clovis New Mexico,
49974,42.7284117,-73.6917851,Troy New York,
69783,37.4323341,-121.8995741,Milpitas California,
58918,42.0333623,-87.8833991,Des Plaines Illinois,
52206,33.8722371,-117.8703363,Placentia California,
56069,41.900101,-71.0897674,Taunton Massachusetts,
38027,34.0775104,-117.6897776,Montclair California,
65123,36.3134397,-82.3534727,Johnson City Tennessee,
142772,32.0835407,-81.0998342,Savannah Georgia,
40768,41.2375569,-80.8184166,Warren Ohio,
167405,45.6387281,-122.6614861,Vancouver Washington,
90116,26.1669711,-80.256595,Sunrise Florida,
70316,40.1933767,-85.3863599,Muncie Indiana,
54382,40.3916172,-111.8507662,Lehi Utah,
837442,37.7749295,-122.4194155,San Francisco California,
203003,34.0922335,-117.435048,Fontana California,
136791,33.1506744,-96.8236116,Frisco Texas,
76572,33.9898188,-117.7325848,Chino Hills California,
49417,32.9628232,-117.0358646,Poway California,
38142,39.843947,-84.1246608,Huber Heights Ohio,
55831,40.4862157,-74.4518188,New Brunswick New Jersey,
246139,36.8507689,-76.2858726,Norfolk Virginia,
97368,45.5228939,-122.989827,Hillsboro Oregon,
45851,33.7839084,-116.958635,San Jacinto California,
52703,30.421309,-87.2169149,Pensacola Florida,
62258,39.3995008,-84.5613355,Hamilton Ohio,
37792,34.1954331,-79.7625625,Florence South Carolina,
213708,34.1083449,-117.2897652,San Bernardino California,
40059,33.9698929,-84.2214551,Peachtree Corners Georgia,
121096,34.5362184,-117.2927641,Victorville California,
78450,41.5933696,-87.3464271,Gary Indiana,
50111,32.8795022,-111.7573521,Casa Grande Arizona,
40836,37.1305012,-121.6543901,Morgan Hill California,
58253,42.5005583,-90.6645718,Dubuque Iowa,
144669,43.0481221,-76.1474244,Syracuse New York,
142357,36.5297706,-87.3594528,Clarksville Tennessee,
100710,28.0394654,-81.9498042,Lakeland Florida,
37659,40.6642699,-73.7084645,Valley Stream New York,
37366,39.158168,-75.5243682,Dover Delaware,
39398,46.8737648,-96.7678039,Moorhead Minnesota,
39428,34.0211224,-118.3964665,Culver City California,
69350,42.1103041,-88.03424,Palatine Illinois,
652405,47.6062095,-122.3320708,Seattle Washington,
40956,39.0836712,-84.5085536,Covington Kentucky,
161007,38.4087993,-121.3716178,Elk Grove California,
200327,32.5251516,-93.7501789,Shreveport Louisiana,
84249,41.223,-111.9738304,Ogden Utah,
51395,38.4495688,-78.8689155,Harrisonburg Virginia,
111542,33.9616801,-118.3531311,Inglewood California,
139731,34.1477849,-118.1445155,Pasadena California,
77657,42.7070354,-71.1631137,Lawrence Massachusetts,
37610,45.4206749,-122.6706498,Lake Oswego Oregon,
59440,38.232417,-122.6366524,Petaluma California,
59357,39.9242266,-83.8088171,Springfield Ohio,
73098,38.6779591,-121.1760583,Folsom California,
39791,34.6100243,-112.315721,Prescott Valley Arizona,
101324,32.3199396,-106.7636538,Las Cruces New Mexico,
39860,45.6769979,-111.0429339,Bozeman Montana,
74907,42.0333607,-88.0834059,Schaumburg Illinois,
134873,42.5144566,-83.0146526,Warren Michigan,
54842,38.7874699,-90.6298922,St. Peters Missouri,
61792,42.034722,-93.62,Ames Iowa,
123546,33.6292337,-112.3679279,Surprise Arizona,
104475,32.9483335,-96.7298519,Richardson Texas,
42181,43.6155825,-84.2472116,Midland Michigan,
54076,29.8832749,-97.9413941,San Marcos Texas,
41108,41.2459149,-75.8813075,Wilkes-Barre Pennsylvania,
73596,44.2619309,-88.4153847,Appleton Wisconsin,
64323,39.0228485,-94.7151865,Shawnee Kansas,
46979,41.6661573,-81.339552,Mentor Ohio,
85156,37.6818745,-121.7680088,Livermore California,
792862,35.2270869,-80.8431267,Charlotte North Carolina,
58416,37.7719074,-87.1111676,Owensboro Kentucky,
58298,26.9342246,-80.0942087,Jupiter Florida,
41398,38.3396367,-122.7010984,Rohnert Park California,
2718782,41.8781136,-87.6297982,Chicago Illinois,
109059,45.7832856,-108.5006904,Billings Montana,
47134,43.0494572,-88.0075875,Wauwatosa Wisconsin,
43907,41.8800296,-88.0078435,Lombard Illinois,
130660,41.308274,-72.9278835,New Haven Connecticut,
43935,39.9625984,-76.727745,York Pennsylvania,
183270,35.9606384,-83.9207392,Knoxville Tennessee,
53956,41.3683798,-82.1076486,Elyria Ohio,
44641,41.7003208,-70.3002024,Barnstable Town Massachusetts,
48612,40.6668916,-111.8879909,Murray Utah,
76419,37.7652065,-122.2416355,Alameda California,
71948,37.7974273,-121.2160526,Manteca California,
39765,44.9530215,-92.9952153,Maplewood Minnesota,
77677,42.3265152,-122.8755949,Medford Oregon,
117044,35.8456213,-86.39027,Murfreesboro Tennessee,
65416,39.1404477,-121.6169108,Yuba City California,
40999,41.3164856,-73.0931641,Shelton Connecticut,
40566,42.5348993,-92.4453161,Cedar Falls Iowa,
39375,35.0867577,-89.8100858,Germantown Tennessee,
75806,41.408969,-75.6624122,Scranton Pennsylvania,
58582,32.6098566,-85.4807825,Auburn Alabama,
41705,38.7509488,-77.4752667,Manassas Virginia,
94275,38.3565773,-121.9877444,Vacaville California,
92472,34.0194543,-118.4911912,Santa Monica California,
85728,36.7282054,-76.5835621,Suffolk Virginia,
72952,42.6583661,-83.1499322,Rochester Hills Michigan,
39331,33.6633573,-116.3100095,La Quinta California,
50821,38.3498195,-81.6326234,Charleston West Virginia,
52403,35.7688425,-119.2470536,Delano California,
40918,28.2489016,-81.2811801,St. Cloud Florida,
127999,32.7764749,-79.9310512,Charleston South Carolina,
44359,35.4873613,-80.6217341,Kannapolis North Carolina,
159503,33.8752935,-117.5664384,Corona California,
59738,38.7907339,-121.2357828,Rocklin California,
93184,38.9108408,-94.3821724,Lee's Summit Missouri,
78740,29.5844524,-81.2078699,Palm Coast Florida,
90231,40.5649781,-111.8389726,Sandy Utah,
40167,36.3728538,-94.2088172,Bentonville Arkansas,
179590,34.3916641,-118.542586,Santa Clarita California,
42150,28.6611089,-81.3656242,Altamonte Springs Florida,
63279,29.7030024,-98.1244531,New Braunfels Texas,
653450,35.1495343,-90.0489801,Memphis Tennessee,
228653,32.8140177,-96.9488945,Irving Texas,
148892,38.8048355,-77.0469214,Alexandria Virginia,
92147,34.4263886,-117.3008784,Hesperia California,
40249,42.2042586,-72.6162009,Holyoke Massachusetts,
47591,33.9462125,-84.3346473,Dunwoody Georgia,
65176,42.0324025,-87.7416246,Skokie Illinois,
41664,40.7684342,-74.1454214,Kearny New Jersey,
75018,40.6259316,-75.3704579,Bethlehem Pennsylvania,
79068,38.2975381,-122.286865,Napa California,
345803,39.7294319,-104.8319195,Aurora Colorado,
86128,46.7866719,-92.1004852,Duluth Minnesota,
98465,37.2709704,-79.9414266,Roanoke Virginia,
81236,44.0581728,-121.3153096,Bend Oregon,
70924,34.5008311,-117.1858759,Apple Valley California,
62227,42.3764852,-71.2356113,Waltham Massachusetts,
68190,26.640628,-81.8723084,Fort Myers Florida,
352957,27.950575,-82.4571776,Tampa Florida,
75413,34.09751,-117.6483876,Upland California,
42907,36.5859718,-79.3950228,Danville Virginia,
36888,42.5083482,-89.0317765,Beloit Wisconsin,
90268,26.1275862,-80.2331036,Plantation Florida,
439886,38.8338816,-104.8213634,Colorado Springs Colorado,
204933,37.6390972,-120.9968782,Modesto California,
192294,42.9633599,-85.6680863,Grand Rapids Michigan,
52066,41.8850317,-87.7845025,Oak Park Illinois,
53326,27.3364347,-82.5306527,Sarasota Florida,
98030,33.9971974,-117.4854802,Jurupa Valley California,
77593,33.8816818,-118.1170117,Bellflower California,
103166,40.0149856,-105.2705456,Boulder Colorado,
69976,35.6869752,-105.937799,Santa Fe New Mexico,
43092,33.6803003,-116.173894,Coachella California,
39414,42.3459271,-71.5522874,Marlborough Massachusetts,
316619,33.9533487,-117.3961564,Riverside California,
157161,34.5794343,-118.1164613,Palmdale California,
54194,38.1074198,-122.5697032,Novato California,
70790,41.0602216,-111.9710529,Layton Utah,
73936,41.6986416,-88.0683955,Bolingbrook Illinois,
96346,33.6000232,-117.6719953,Mission Viejo California,
45417,42.0697509,-87.7878408,Glenview Illinois,
45237,38.891565,-121.2930079,Lincoln California,
39823,32.9810059,-80.0325867,Goose Creek South Carolina,
197357,34.7464809,-92.2895948,Little Rock Arkansas,
334227,33.7455731,-117.8678338,Santa Ana California,
57866,41.0339862,-73.7629097,White Plains New York,
58292,43.4916514,-112.0339645,Idaho Falls Idaho,
133992,47.610377,-122.2006786,Bellevue Washington,
127035,38.7521235,-121.2880059,Roseville California,
51982,40.5067723,-74.2654234,Perth Amboy New Jersey,
52044,42.5278731,-70.9286609,Peabody Massachusetts,
50550,40.9263957,-98.3420118,Grand Island Nebraska,
115276,38.9517053,-92.3340724,Columbia Missouri,
78199,42.7261309,-87.7828523,Racine Wisconsin,
85927,39.978371,-86.1180435,Carmel Indiana,
47523,42.2011538,-85.5800022,Portage Michigan,
48630,39.5150576,-84.3982763,Middletown Ohio,
56590,38.6785157,-121.7732971,Woodland California,
53756,42.4084302,-71.0119948,Revere Massachusetts,
53224,32.8370727,-97.0819541,Euless Texas,
75994,42.0883603,-87.9806265,Arlington Heights Illinois,
81750,33.7475203,-116.9719684,Hemet California,
107741,35.9556923,-80.0053176,High Point North Carolina,
47777,40.0581205,-82.4012642,Newark Ohio,
56756,35.4495065,-97.3967019,Midwest City Oklahoma,
89387,33.1433723,-117.1661449,San Marcos California,
57203,29.1383165,-80.9956105,Port Orange Florida,
81121,33.8536269,-118.1339563,Lakewood California,
37530,40.1261743,-82.9290696,Westerville Ohio,
150251,42.2711311,-89.0939952,Rockford Illinois,
102211,32.7947731,-116.9625269,El Cajon California,
249688,27.773056,-82.64,St. Petersburg Florida,
49670,41.8089191,-88.0111746,Downers Grove Illinois,
51644,41.2306979,-73.064036,Milford Connecticut,
51583,44.6365107,-123.1059282,Albany Oregon,
603488,36.1699412,-115.1398296,Las Vegas Nevada,
152735,29.6910625,-95.2091006,Pasadena Texas,
171016,27.2730492,-80.3582261,Port St. Lucie Florida,
128429,41.9778795,-91.6656232,Cedar Rapids Iowa,
38661,29.2858129,-81.0558894,Ormond Beach Florida,
93494,42.2528772,-71.0022705,Quincy Massachusetts,
130288,25.9860762,-80.3035602,Miramar Florida,
674433,31.7775757,-106.4424559,El Paso Texas,
127679,39.0558235,-95.6890185,Topeka Kansas,
54561,34.0805651,-118.072846,Rosemead California,
37064,44.9901194,-123.0262077,Keizer Oregon,
51368,44.9211836,-93.4687489,Minnetonka Minnesota,
198100,41.0814447,-81.5190053,Akron Ohio,
80836,26.3017374,-98.1633432,Edinburg Texas,
171386,34.1063989,-117.5931084,Rancho Cucamonga California,
104054,32.8546197,-79.9748103,North Charleston South Carolina,
609893,38.2526647,-85.7584557,Louisville Kentucky,
52477,36.910231,-121.7568946,Watsonville California,
56792,26.2517482,-80.1789351,Coconut Creek Florida,
51763,27.4989278,-82.5748194,Bradenton Florida,
110972,33.1580933,-117.3505939,Carlsbad California,
46081,29.383845,-94.9027002,Texas City Texas,
91119,40.5865396,-122.3916754,Redding California,
74100,42.9133602,-85.7053085,Wyoming Michigan,
63710,41.452819,-82.1823746,Lorain Ohio,
37733,41.1616108,-112.0263313,Roy Utah,
172389,26.1224386,-80.1373174,Fort Lauderdale Florida,
72531,32.6130007,-83.624201,Warner Robins Georgia,
109703,27.9658533,-82.8001026,Clearwater Florida,
43328,25.5808323,-80.3468593,Cutler Bay Florida,
40059,34.79981,-87.677251,Florence Alabama,
61025,39.4667034,-87.4139092,Terre Haute Indiana,
70190,31.0982344,-97.342782,Temple Texas,
45712,39.7092262,-84.0632685,Beavercreek Ohio,
164676,43.5445959,-96.7311034,Sioux Falls South Dakota,
45775,39.2014404,-85.9213796,Columbus Indiana,
55456,26.2445263,-80.206436,Margate Florida,
41002,42.5250906,-71.759794,Leominster Massachusetts,
81971,41.7001009,-71.4161671,Warwick Rhode Island,
363630,35.3732921,-119.0187125,Bakersfield California,
417650,25.7616798,-80.1917902,Miami Florida,
74024,30.2265949,-93.2173758,Lake Charles Louisiana,
52413,46.2856907,-119.2844621,Richland Washington,
40361,35.7344538,-81.3444573,Hickory North Carolina,
64072,26.4614625,-80.0728201,Delray Beach Florida,
60202,26.6617635,-80.2683571,Wellington Florida,
39383,35.1359386,-114.5285981,Bullhead City Arizona,
68388,26.1003654,-80.3997748,Weston Florida,
82821,42.6064095,-83.1497751,Troy Michigan,
79446,40.9114882,-73.7823549,New Rochelle New York,
298118,37.9577016,-121.2907796,Stockton California,
58946,42.4894801,-83.1446485,Royal Oak Michigan,
44206,28.6122187,-80.8075537,Titusville Florida,
64652,33.5225261,-117.7075526,Laguna Niguel California,
91113,47.6732281,-117.2393748,Spokane Valley Washington,
112174,33.6411316,-117.9186689,Costa Mesa California,
183372,32.7459645,-96.9977846,Grand Prairie Texas,
96205,36.8354258,-76.2982742,Portsmouth Virginia,
44919,47.0342629,-122.8231915,Lacey Washington,
42214,35.732652,-78.8502856,Apex North Carolina,
82459,42.4999942,-96.4003069,Sioux City Iowa,
61588,33.0369867,-117.2919818,Encinitas California,
36956,40.114955,-111.654923,Spanish Fork Utah,
58879,33.9816812,-118.2250725,Huntington Park California,
62603,44.8546856,-93.470786,Eden Prairie Minnesota,
162592,33.5805955,-112.2373779,Peoria Arizona,
168228,33.4255104,-111.9400054,Tempe Arizona,
71525,39.7390721,-75.5397878,Wilmington Delaware,
60519,40.6677248,-111.9388258,Taylorsville Utah,
82578,42.324204,-83.400211,Westland Michigan,
143484,32.7667955,-96.5991593,Mesquite Texas,
51510,36.0956918,-79.4377991,Burlington North Carolina,
234566,32.912624,-96.6388833,Garland Texas,
107571,37.9357576,-122.3477486,Richmond California,
67034,46.8083268,-100.7837392,Bismarck North Dakota,
54080,39.1637984,-119.7674034,Carson City Nevada,
38863,35.7478769,-95.3696909,Muskogee Oklahoma,
197350,33.4734978,-82.0105148,Augusta-Richmond County Georgia,
204408,35.0526641,-78.8783585,Fayetteville North Carolina,
76185,31.5785074,-84.155741,Albany Georgia,
44412,40.4594021,-74.360846,Sayreville New Jersey,
44096,37.5296593,-122.0402399,Newark California,
56449,34.0286226,-117.8103367,Diamond Bar California,
55816,34.6059253,-86.9833417,Decatur Alabama,
173366,35.0456297,-85.3096801,Chattanooga Tennessee,
45929,38.2775702,-85.7371847,Jeffersonville Indiana,
41679,41.9950276,-88.1856301,Bartlett Illinois,
76635,34.0852868,-117.9608978,Baldwin Park California,
91026,25.790654,-80.1300455,Miami Beach Florida,
67685,35.6145169,-88.8139469,Jackson Tennessee,
54135,29.8849504,-93.939947,Port Arthur Texas,
46377,35.2827524,-120.6596156,San Luis Obispo California,
40714,32.5420821,-97.3208492,Burleson Texas,
77147,39.7674578,-94.846681,St. Joseph Missouri,
67815,33.8491816,-118.3884078,Redondo Beach California,
2195914,29.7604267,-95.3698028,Houston Texas,
106780,33.4936391,-117.1483648,Temecula California,
117025,42.2808256,-83.7430378,Ann Arbor Michigan,
117796,30.080174,-94.1265562,Beaumont Texas,
48554,42.7369792,-84.4838654,East Lansing Michigan,
56105,32.8383828,-116.9739167,Santee California,
63155,26.2128609,-80.2497707,Tamarac Florida,
53663,41.1543623,-95.9145568,Bellevue Nebraska,
162329,26.007765,-80.2962555,Pembroke Pines Florida,
75229,36.1867442,-94.1288141,Springdale Arkansas,
203007,34.1975048,-119.1770516,Oxnard California,
110720,31.8456816,-102.3676431,Odessa Texas,
47186,36.1156071,-97.0583681,Stillwater Oklahoma,
94089,42.0834335,-71.0183787,Brockton Massachusetts,
65028,40.6687141,-74.1143091,Bayonne New Jersey,
54980,33.8894598,-118.1597911,Paramount California,
43116,41.5067003,-90.5151342,Moline Illinois,
40921,32.3643098,-88.703656,Meridian Mississippi,
42774,35.1595182,-84.8766115,Cleveland Tennessee,
257342,40.7281575,-74.0776417,Jersey City New Jersey,
294873,44.9537029,-93.0899578,St. Paul Minnesota,
86290,28.9005446,-81.2636738,Deltona Florida,
43167,40.6576022,-73.5831835,Freeport New York,
71591,41.6611277,-91.5301683,Iowa City Iowa,
345012,33.8352932,-117.9145036,Anaheim California,
50201,44.7319094,-93.21772,Apple Valley Minnesota,
59351,47.4941836,-111.2833449,Great Falls Montana,
133579,40.6916132,-112.0010501,West Valley City Utah,
136699,37.0298687,-76.3452218,Hampton Virginia,
54898,30.6332618,-97.6779842,Georgetown Texas,
91648,40.2968979,-111.6946475,Orem Utah,
37101,34.1442616,-118.0019482,Monrovia California,
42907,32.9341893,-97.229298,Keller Texas,
66174,37.654656,-122.4077498,South San Francisco California,
73987,45.0105194,-93.4555093,Plymouth Minnesota,
100886,41.6763545,-86.2519898,South Bend Indiana,
87004,35.6528323,-97.4780954,Edmond Oklahoma,
207510,41.6005448,-93.6091064,Des Moines Iowa,
47547,26.339806,-81.7786972,Bonita Springs Florida,
45285,40.5246711,-111.8638226,Draper Utah,
86635,33.9791793,-118.032844,Whittier California,
95208,42.36837,-83.3527097,Livonia Michigan,
599164,43.0389025,-87.9064736,Milwaukee Wisconsin,
74860,47.3073228,-122.2284532,Auburn Washington,
41190,33.9204354,-80.3414693,Sumter South Carolina,
40664,42.5584283,-70.880049,Beverly Massachusetts,
97003,47.4828776,-122.2170661,Renton Washington,
106114,39.5807452,-104.8771726,Centennial Colorado,
214114,37.5407246,-77.4360481,Richmond Virginia,
55670,40.1053196,-85.6802541,Anderson Indiana,
40481,33.9294606,-116.977248,Beaumont California,
53752,30.4393696,-97.6200043,Pflugerville Texas,
52575,40.7439905,-74.0323626,Hoboken New Jersey,
308428,38.0405837,-84.5037164,Lexington-Fayette Kentucky,
106589,33.9022367,-118.081733,Norwalk California,
91923,32.6926512,-114.6276916,Yuma Arizona,
54291,34.1283442,-117.2086513,Highland California,
40379,41.9125286,-88.1347927,Carol Stream Illinois,
147806,41.525031,-88.0817251,Joliet Illinois,
69103,34.9248667,-81.0250784,Rock Hill South Carolina,
67911,38.5890723,-121.302728,Rancho Cordova California,
56620,42.3369816,-83.2732627,Dearborn Heights Michigan,
347884,21.3069444,-157.8583333,Honolulu Hawaii,
65098,28.8052674,-97.0035982,Victoria Texas,
43886,41.9445441,-71.2856082,Attleboro Massachusetts,
44575,33.0151201,-96.5388789,Wylie Texas,
126700,32.9756415,-96.8899636,Carrollton Texas,
41734,41.632223,-88.2120315,Plainfield Illinois,
52398,42.0629915,-88.1227199,Hoffman Estates Illinois,
48514,42.7262016,-71.1908924,Methuen Massachusetts,
59212,27.044224,-82.2359254,North Port Florida,
64072,39.0839973,-77.1527578,Rockville Maryland,
104709,34.1808392,-118.3089661,Burbank California,
138981,33.8703596,-117.9242966,Fullerton California,
66778,44.0247062,-88.5426136,Oshkosh Wisconsin,
39795,30.7235263,-95.5507771,Huntsville Texas,
81295,42.4989936,-83.3677168,Farmington Hills Michigan,
63771,33.9830688,-118.096735,Pico Rivera California,
49707,33.8583483,-118.0647871,Cerritos California,
40435,34.0200114,-117.9495083,La Puente California,
59778,39.0638705,-108.5506486,Grand Junction Colorado,
50725,36.3955891,-97.8783911,Enid Oklahoma,
998537,37.3382082,-121.8863286,San Jose California,
109821,30.5082551,-97.678896,Round Rock Texas,
65415,45.0724642,-93.4557877,Maple Grove Minnesota,
118197,35.2225668,-97.4394777,Norman Oklahoma,
64079,25.4687224,-80.4775569,Homestead Florida,
37587,29.5293998,-95.2010447,Friendswood Texas,
236716,33.6839473,-117.7946942,Irvine California,
54350,42.8713032,-112.4455344,Pocatello Idaho,
38606,37.6138253,-122.4869194,Pacifica California,
48725,43.7508284,-87.71453,Sheboygan Wisconsin,
66333,32.5159852,-93.7321228,Bossier City Louisiana,
61238,30.505198,-97.8202888,Cedar Park Texas,
99770,33.9304352,-84.3733147,Sandy Springs Georgia,
83424,40.1164204,-88.2433829,Champaign Illinois,
85390,40.8584328,-74.1637553,Clifton New Jersey,
58414,35.3395079,-97.4867028,Moore Oklahoma,
53294,39.0169509,-94.2816148,Blue Springs Missouri,
159523,34.6867846,-118.1541632,Lancaster California,
78709,30.6743643,-96.3699632,Bryan Texas,
38448,32.8234621,-97.1705678,Hurst Texas,
165831,26.5628537,-81.9495331,Cape Coral Florida,
60189,37.3229978,-122.0321823,Cupertino California,
44057,42.4500845,-73.2453824,Pittsfield Massachusetts,
51701,37.0057816,-121.5682751,Gilroy California,
110378,42.9956397,-71.4547891,Manchester New Hampshire,
448479,36.8529263,-75.977985,Virginia Beach Virginia,
47846,38.8402805,-97.6114237,Salina Kansas,
78804,42.3875968,-71.0994968,Somerville Massachusetts,
78409,27.9094665,-82.7873244,Largo Florida,
509924,36.7468422,-119.7725868,Fresno California,
37498,32.4709761,-85.0007653,Phenix City Alabama,
56758,41.8505874,-87.7936685,Berwyn Illinois,
50699,26.8233946,-80.1386547,Palm Beach Gardens Florida,
71172,41.878711,-71.3825558,Pawtucket Rhode Island,
40275,34.0961111,-118.1058333,San Gabriel California,
236441,36.0998596,-80.244216,Winston-Salem North Carolina,
62298,34.0753762,-84.2940899,Alpharetta Georgia,
82809,38.8106075,-90.6998477,O'Fallon Missouri,
80872,37.4852152,-122.2363548,Redwood City California,
72528,37.5933918,-122.0438298,Union City California,
38632,25.9812024,-80.148379,Hallandale Beach Florida,
40641,44.1635775,-93.9993996,Mankato Minnesota,
8405837,40.7127837,-74.0059413,New York New York,
126181,34.2694474,-118.781482,Simi Valley California,
107740,34.0686208,-117.9389526,West Covina California,
53063,39.3722121,-104.8560902,Castle Rock Colorado,
56481,30.8327022,-83.2784851,Valdosta Georgia,
792727,32.7554883,-97.3307658,Fort Worth Texas,
92599,33.8316745,-118.281693,Carson California,
120310,37.9715592,-87.5710898,Evansville Indiana,
102216,34.9530337,-120.4357191,Santa Maria California,
40021,36.0331164,-86.7827772,Brentwood Tennessee,
58642,32.7678287,-117.0230839,La Mesa California,
110945,39.8366528,-105.0372046,Westminster Colorado,
87893,40.3356483,-75.9268747,Reading Pennsylvania,
70365,37.4946568,-120.8465941,Turlock California,
96539,40.4233142,-104.7091322,Greeley Colorado,
100223,32.3512601,-95.3010624,Tyler Texas,
37711,28.5652787,-81.5861847,Winter Garden Florida,
129030,31.549333,-97.1466695,Waco Texas,
37165,38.0193657,-122.1341321,Martinez California,
128731,34.1705609,-118.8375937,Thousand Oaks California,
47842,34.1336186,-117.9075627,Azusa California,
147216,41.1865478,-73.1951767,Bridgeport Connecticut,
47411,44.9597376,-93.3702186,St. Louis Park Minnesota,
47749,38.6631083,-90.5770675,Chesterfield Missouri,
38696,26.6276276,-80.1353896,Greenacres Florida,
67599,46.2395793,-119.1005657,Pasco Washington,
147478,33.8358492,-118.3406288,Torrance California,
243344,43.0730517,-89.4012302,Madison Wisconsin,
63820,42.6827885,-89.0187222,Janesville Wisconsin,
88826,42.3636331,-87.8447938,Waukegan Illinois,
61488,36.9685219,-86.4808043,Bowling Green Kentucky,
379577,32.735687,-97.1080656,Arlington Texas,
101074,33.046233,-96.994174,Lewisville Texas,
45426,36.7280583,-108.2186856,Farmington New Mexico,
38194,37.9974219,-121.7124536,Oakley California,
66642,37.4418834,-122.1430195,Palo Alto California,
60177,44.0462362,-123.0220289,Springfield Oregon,
95078,41.6362152,-70.934205,New Bedford Massachusetts,
57530,47.6739881,-122.121512,Redmond Washington,
55000,37.931868,-121.6957863,Brentwood California,
66205,38.5449065,-121.7405167,Davis California,
49133,33.9172357,-118.0120086,La Mirada California,
43060,35.9828412,-86.5186045,Smyrna Tennessee,
45796,40.5186809,-78.3947359,Altoona Pennsylvania,
68001,31.2232313,-85.3904888,Dothan Alabama,
64544,40.767323,-74.2048677,East Orange New Jersey,
57282,41.5731442,-87.7932939,Tinley Park Illinois,
44820,30.3960318,-88.8853078,Biloxi Mississippi,
41752,40.1105875,-88.2072697,Urbana Illinois,
175140,33.7739053,-117.9414477,Garden Grove California,
71371,33.930293,-118.2114603,Lynwood California,
37499,39.8961821,-104.9811468,Northglenn Colorado,
72535,40.7989473,-81.378447,Canton Ohio,
50603,33.8651033,-84.3365917,Brookhaven Georgia,
229426,30.4582829,-91.1403196,Baton Rouge Louisiana,
60568,41.6717648,-72.9492703,Bristol Connecticut,
117240,39.0911161,-94.4155068,Independence Missouri,
113972,42.732535,-84.5555347,Lansing Michigan,
58590,41.6303103,-87.8539425,Orland Park Illinois,
61050,39.4863773,-75.0259637,Vineland New Jersey,
104779,44.519159,-88.019826,Green Bay Wisconsin,
75570,42.0450722,-87.6876969,Evanston Illinois,
39172,28.5691677,-81.5439619,Ocoee Florida,
3884307,34.0522342,-118.2436849,Los Angeles California,
92734,47.3223221,-122.3126222,Federal Way Washington,
110077,40.6096698,-111.9391031,West Jordan Utah,
52536,34.033625,-117.0430865,Yucaipa California,
305841,40.4406248,-79.9958864,Pittsburgh Pennsylvania,
113242,33.9401088,-118.1331593,Downey California,
84103,41.8455877,-87.7539448,Cicero Illinois,
95677,33.954737,-118.2120161,South Gate California,
36877,30.1588129,-85.6602058,Panama City Florida,
50789,37.0842271,-94.513281,Joplin Missouri,
90983,29.5074538,-95.0949303,League City Texas,
191180,40.7607793,-111.8910474,Salt Lake City Utah,
43074,27.4467056,-80.3256056,Fort Pierce Florida,
1513367,33.4483771,-112.0740373,Phoenix Arizona,
55298,44.5645659,-123.2620435,Corvallis Oregon,
46663,32.5884689,-96.9561152,Cedar Hill Texas,
55717,42.1487043,-72.6078672,Chicopee Massachusetts,
57468,29.1871986,-82.1400923,Ocala Florida,
94034,34.0232431,-84.3615555,Roswell Georgia,
37839,42.0111412,-87.8406192,Park Ridge Illinois,
42419,43.2081366,-71.5375718,Concord New Hampshire,
48338,47.0378741,-122.9006951,Olympia Washington,
197575,33.660297,-117.9992265,Huntington Beach California,
316381,27.8005828,-97.396381,Corpus Christi Texas,
62088,42.7762015,-71.0772796,Haverhill Massachusetts,
38510,41.9994722,-88.1450735,Hanover Park Illinois,
107289,42.3736158,-71.1097335,Cambridge Massachusetts,
234632,33.5386523,-112.1859866,Glendale Arizona,
38623,33.8025155,-117.9931165,Stanton California,
46074,33.0185039,-80.1756481,Summerville South Carolina,
102157,41.5236437,-90.5776367,Davenport Iowa,
89407,26.3683064,-80.1289321,Boca Raton Florida,
72939,41.6612104,-72.7795419,New Britain Connecticut,
47555,42.4972583,-82.9371409,Roseville Michigan,
45394,41.5200518,-81.556235,Cleveland Heights Ohio,
109397,45.5001357,-122.4302013,Gresham Oregon,
69813,26.1403635,-80.2133808,Lauderhill Florida,
54068,36.3047735,-86.6199957,Hendersonville Tennessee,
120245,37.3541079,-121.9552356,Santa Clara California,
172794,33.1958696,-117.3794834,Oceanside California,
79312,33.6469661,-117.689218,Lake Forest California,
57960,42.48059,-83.4754913,Novi Michigan,
52122,40.7878788,-74.0143064,West New York New Jersey,
42935,42.40843,-71.0536625,Everett Massachusetts,
41301,40.6220478,-74.2445902,Linden New Jersey,
87236,35.5950581,-82.5514869,Asheville North Carolina,
97877,33.8958492,-118.2200712,Compton California,
50175,33.5676842,-117.7256083,Aliso Viejo California,
83447,33.6971468,-117.185294,Menifee California,
71334,40.3977612,-105.0749801,Loveland Colorado,
38241,42.1211364,-88.2578582,Carpentersville Illinois,
177994,41.8239891,-71.4128343,Providence Rhode Island,
233394,25.8575963,-80.2781057,Hialeah Florida,
74513,37.7799273,-121.9780153,San Ramon California,
167500,34.0633443,-117.6508876,Ontario California,
84430,47.6814875,-122.2087353,Kirkland Washington,
76817,37.0965278,-113.5684164,St. George Utah,
39412,32.216316,-80.752608,Hilton Head Island South Carolina,
196021,34.1425078,-118.255075,Glendale California,
60456,41.5381535,-72.8070435,Meriden Connecticut,
59957,33.8883487,-118.3089624,Gardena California,
41301,42.1250929,-72.749538,Westfield Massachusetts,
110145,42.0354084,-88.2825668,Elgin Illinois,
274409,33.0198431,-96.6988856,Plano Texas,
89919,40.1672068,-105.1019275,Longmont Colorado,
40342,32.9545687,-97.0150078,Coppell Texas,
51143,41.4819932,-81.7981908,Lakewood Ohio,
71551,35.8422967,-90.704279,Jonesboro Arkansas,
100050,30.627977,-96.3344068,College Station Texas,
95884,42.3222599,-83.1763145,Dearborn Michigan,
61808,43.100903,-75.232664,Utica New York,
49761,32.5093109,-92.1193012,Monroe Louisiana,
622104,39.2903848,-76.6121893,Baltimore Maryland,
164122,37.2089572,-93.2922989,Springfield Missouri,
46094,34.2284312,-92.0031955,Pine Bluff Arkansas,
50588,40.6337136,-74.4073736,Plainfield New Jersey,
91589,42.466763,-70.9494938,Lynn Massachusetts,
65656,44.9238552,-92.9593797,Woodbury Minnesota,
127488,29.6516344,-82.3248262,Gainesville Florida,
49891,38.5804609,-121.530234,West Sacramento California,
50169,47.6162683,-122.0355736,Sammamish Washington,
37199,25.9564812,-80.1392121,Aventura Florida,
78960,36.0625795,-94.1574263,Fayetteville Arkansas,
58994,37.9735346,-122.5310874,San Rafael California,
63816,35.0886963,-92.4421011,Conway Arkansas,
203446,47.2528768,-122.4442906,Tacoma Washington,
47333,41.5623209,-72.6506488,Middletown Connecticut,
42284,44.4758825,-73.212072,Burlington Vermont,
45981,42.5629668,-114.4608711,Twin Falls Idaho,
39296,33.6356618,-96.6088805,Sherman Texas,
78014,37.4137536,-79.1422464,Lynchburg Virginia,
56759,39.0067768,-76.7791365,Bowie Maryland,
83684,41.394817,-73.4540111,Danbury Connecticut,
44349,38.0293059,-78.4766781,Charlottesville Virginia,
49631,25.72149,-80.2683838,Coral Gables Florida,
46402,47.6776832,-116.7804664,Coeur d'Alene Idaho,
115708,34.0686206,-118.0275667,El Monte California,
40388,42.2411344,-88.3161965,Crystal Lake Illinois,
43341,37.8215929,-121.9999606,Danville California,
72864,33.4353394,-112.3576567,Goodyear Arizona,
145948,40.9167654,-74.171811,Paterson New Jersey,
160614,44.9428975,-123.0350963,Salem Oregon,
65173,28.2919557,-81.407571,Kissimmee Florida,
50303,43.4194699,-83.9508068,Saginaw Michigan,
181860,25.9017472,-97.4974838,Brownsville Texas,
68609,33.0145673,-97.0969552,Flower Mound Texas,
50195,32.9342919,-97.0780654,Grapevine Texas,
49376,44.8896866,-93.3499489,Edina Minnesota,
688701,42.331427,-83.0457538,Detroit Michigan,
42635,39.3454673,-84.5603187,Fairfield Ohio,
60872,32.5631924,-97.1416768,Mansfield Texas,
210358,43.16103,-77.6109219,Rochester New York,
212113,33.5206608,-86.80249,Birmingham Alabama,
885400,30.267153,-97.7430608,Austin Texas,
90412,34.4208305,-119.6981901,Santa Barbara California,
37385,41.931696,-87.9889556,Addison Illinois,
91956,35.2327544,-106.6630437,Rio Rancho New Mexico,
54664,40.5142026,-88.9906312,Normal Illinois,
39650,41.6475306,-88.0895061,Romeoville Illinois,